<?xml version='1.0' encoding='UTF-8'?>
<!DOCTYPE hibernate-configuration PUBLIC
          "-//Hibernate/Hibernate Configuration DTD 3.0//EN"
          "http://hibernate.sourceforge.net/hibernate-configuration-3.0.dtd">

<!-- Generated by MyEclipse Hibernate Tools. -->
<hibernate-configuration>



	<!--archivo de configuracion de hiberate: genera las tablas automáticamente -->



	<session-factory>
		<property name="hbm2ddl.auto">update</property>
		<property name="dialect"> org.hibernate.dialect.MySQL5Dialect</property>
		<property name="connection.url">jdbc:mysql://localhost/employees</property>
		<property name="connection.username">employee_user</property>
		<property name="connection.password">eu123</property>
		<property name="connection.driver_class">com.mysql.jdbc.Driver</property>
		<mapping resource="employee.hbm.xml" />
	<!-- //hacerlo con anotaciones en vez de codigo xml: -->	
		<mapping class="com.ricardo.models.Role" />
	</session-factory>

</hibernate-configuration>