<?xml version='1.0' encoding='UTF-8'?>
<!DOCTYPE hibernate-mapping PUBLIC
          "-//Hibernate/Hibernate Mapping DTD 3.0//EN"
          "http://hibernate.sourceforge.net/hibernate-mapping-3.0.dtd">


<!-- Archivo de configuracion de mapeo obtenido en javapoint -->
<!-- indicar cada class y su tabla que se corresponde, además de si tiene 
	mapeo o no -->

<hibernate-mapping>
	<class name="com.ricardo.models.Role" table="rol">
		<id name="id">
			<generator class="increment"></generator>
		</id>
		<property name="nombre" column="nombre"></property>
		<property name="descripcion" column="descripcion"></property>
	</class>

</hibernate-mapping>